probeid,day,asn_v4,address_v4,address_v6,tagged_version,connectivity
14,20160518,3333,193.0.10.197,2001:67c:2e8:13:220:4aff:fec8:25d5,system-v1,v4-v6-works
57,20160518,20621,217.69.64.206,2001:aa8:fffe:3:220:4aff:fec8:2098,system-v1,v4-v6-works
93,20160518,681,192.107.171.139,2001:df0:4:800:220:4aff:fec8:249f,system-v1,v4-v6-works
114,20160518,2607,192.108.131.3,2001:4118:100:1:220:4aff:fec8:227a,system-v1,v4-v6-works
122,20160518,2852,195.113.232.222,2001:718:1:10:220:4aff:fec8:25bc,system-v1,v4-v6-works
134,20160518,3292,,,system-v1,v4-v6-works
138,20160518,39029,87.238.56.246,2a02:c0:303::1,system-v1,v4-v6-works
142,20160518,12637,85.94.192.29,2001:4b78:2:a:220:4aff:febf:fc46,system-v1,v4-v6-works
143,20160518,29134,217.31.48.35,2001:1ab0:7e1e:c:220:4aff:fec8:239a,system-v1,v4-v6-works
144,20160518,12637,212.25.179.151,2001:4b78:1:f:220:4aff:fec8:22f6,system-v1,v4-v6-works
147,20160518,8903,212.49.129.251,2001:ac0::220:4aff:febf:fd49,system-v1,v4-v6-works
148,20160518,6881,195.47.235.60,2a02:38::220:4aff:fec6:ccaf,system-v1,v4-v6-works
150,20160518,15744,,,system-v1,v4-v6-works
156,20160518,29140,217.31.94.229,2a00:15a8:94:224:220:4aff:febf:fdcd,system-v1,v4-v6-works
169,20160518,34244,85.30.131.37,2a02:80:3fff:0:220:4aff:fec8:2710,system-v1,v4-v6-works
175,20160518,2607,,,system-v1,v4-v6-works
184,20160518,15389,,,system-v1,v4-v6-works
195,20160518,1213,,,system-v1,v4-v6-works
199,20160518,766,192.148.201.129,2001:720:418:caf7:220:4aff:fec6:cc71,system-v1,v4-v6-works
205,20160518,39839,,,system-v1,v4-v6-works
213,20160518,12731,213.128.135.169,2001:868:100:2c0:220:4aff:fec8:2518,system-v1,v4-v6-works
217,20160518,15474,,,system-v1,v4-v6-works
218,20160518,2852,147.230.16.42,2001:718:1c01:16:220:4aff:fec8:24b5,system-v1,v4-v6-works
224,20160518,8331,,,system-v1,v4-v6-works
227,20160518,6083,160.124.48.190,2001:42a0:1000:48:220:4aff:fec8:2603,system-v1,v4-v6-works
236,20160518,1103,192.87.118.139,2001:610:514:118:220:4aff:febf:fdd4,system-v1,v4-v6-works
241,20160518,8359,195.34.46.43,2a02:28:2:a:220:4aff:fec8:22d6,system-v1,v4-v6-works
248,20160518,30971,,,system-v1,v4-v6-works
249,20160518,137,193.206.159.190,2001:760:0:159:220:4aff:fec8:250c,system-v1,v4-v6-works
250,20160518,13030,82.197.168.110,2001:1620:2777:21:220:4aff:fec6:cc8d,system-v1,v4-v6-works
265,20160518,39912,95.143.80.138,2a01:100:1028:0:220:4aff:fec8:24bc,system-v1,v4-v6-works
266,20160518,12931,,,system-v1,v4-v6-works
267,20160518,12337,213.95.173.146,2001:780:100:4::2,system-v1,v4-v6-works
269,20160518,2602,,,system-v1,v4-v6-works
314,20160518,20712,46.250.252.47,2001:8b0:1633:0:220:4aff:fec8:229d,system-v1,v4-v6-works
326,20160518,3320,,,system-v1,v4-v6-works
331,20160518,7377,169.228.127.14,2607:f720:b00:136:220:4aff:fec6:cd68,system-v1,v4-v6-works
335,20160518,513,137.138.32.177,2001:1458:201:b459::100:3f,system-v1,v4-v6-works
342,20160518,28000,,,system-v1,v4-v6-works
345,20160518,1734,192.159.10.200,2620:0:930:0:220:4aff:fec6:cbed,system-v1,v4-v6-works
348,20160518,39837,,,system-v1,v4-v6-works
357,20160518,1764,81.16.152.170,2a01:190:1700:30::2,system-v1,v4-v6-works
371,20160518,20712,81.187.213.242,2001:8b0:80:1:220:4aff:febf:fd3c,system-v1,v4-v6-works
380,20160518,25192,217.31.202.27,2001:1488:ffff:0:220:4aff:fec6:ccb1,system-v1,v4-v6-works
386,20160518,5381,,,system-v1,v4-v6-works
396,20160518,30781,194.117.244.174,2a01:240:801:300:220:4aff:fec6:cbf6,system-v1,v4-v6-works
400,20160518,6939,,,system-v1,v4-v6-works
401,20160518,8359,195.34.46.44,2a02:28:2:a:220:4aff:fec8:244d,system-v1,v4-v6-works
405,20160518,766,,,system-v1,v4-v6-works
414,20160518,1853,,,system-v1,v4-v6-works
425,20160518,8190,135.196.236.206,2a01:98:1ffe:2:3::b,system-v1,v4-v6-works
426,20160518,6939,,,system-v1,v4-v6-works
433,20160518,39029,87.238.47.102,2a02:c0:101::1,system-v1,v4-v6-works
434,20160518,5538,92.240.65.61,2a02:500:4400:701:220:4aff:fec8:25bb,system-v1,v4-v6-works
446,20160518,37708,196.192.112.229,2001:43f8:90:608:220:4aff:fec6:ccab,system-v1,v4-v6-works
452,20160518,13030,82.197.168.106,2001:1620:2777:22:220:4aff:febf:fde2,system-v1,v4-v6-works
456,20160518,34245,,,system-v1,v4-v6-works
461,20160518,5539,,,system-v1,v4-v6-works
473,20160518,3741,196.4.161.3,2c0f:fc00:53:4161:220:4aff:fec8:2447,system-v1,v4-v6-works
474,20160518,1835,130.226.100.65,2001:878:0:e264:220:4aff:febf:fc74,system-v1,v4-v6-works
518,20160518,29075,212.85.144.248,2a02:2178:1:1:220:4aff:febf:fba0,system-v1,v4-v6-works
524,20160518,199399,176.126.38.186,2001:7f8:6e:2:220:4aff:febf:fbbc,system-v1,v4-v6-works
538,20160518,16154,217.79.79.54,2a02:7900:1:2::2,system-v1,v4-v6-works
539,20160518,15782,81.186.241.8,2001:7a0:1:4:220:4aff:febf:fbef,system-v1,v4-v6-works
555,20160518,680,193.174.247.95,2001:638:206:1:220:4aff:febf:ff40,system-v1,v4-v6-works
558,20160518,12628,193.110.180.206,2001:67c:2738:200:220:4aff:febf:ff56,system-v1,v4-v6-works
559,20160518,5408,194.177.211.250,2001:648::220:4aff:febf:ff42,system-v1,v4-v6-works
563,20160518,13306,185.20.88.30,2a00:4e60::30,system-v1,v4-v6-works
566,20160518,760,,,system-v1,v4-v6-works
567,20160518,2609,193.95.66.40,2001:4350:1:1:220:4aff:febf:ff48,system-v1,v4-v6-works
578,20160518,1764,81.16.152.178,2a01:190:1700:2a:220:4aff:febf:ff67,system-v1,v4-v6-works
589,20160518,1853,,,system-v1,v4-v6-works
600,20160518,50168,31.31.161.66,2a02:4b00:1:99:220:4aff:febf:ff80,system-v1,v4-v6-works
607,20160518,56791,176.32.128.19,2a00:9e80:0:c010:220:4aff:febf:ff6f,system-v1,v4-v6-works
610,20160518,34688,194.116.252.246,2a01:5e00:0:11:220:4aff:febf:ff89,system-v1,v4-v6-works
616,20160518,51290,91.216.191.246,2001:67c:2044:f597::2,system-v1,v4-v6-works
627,20160518,3292,131.164.255.98,2001:6c8:130:200:220:4aff:febf:ff87,system-v1,v4-v6-works
628,20160518,43782,79.132.99.22,2a00:1138:0:2:220:4aff:febf:ffa1,system-v1,v4-v6-works
629,20160518,50620,,,system-v1,v4-v6-works
633,20160518,2847,193.219.61.65,2001:778::65,system-v1,v4-v6-works
637,20160518,39904,195.189.0.242,2a02:7a00:0:5:220:4aff:febf:ff8e,system-v1,v4-v6-works
644,20160518,16347,,,system-v1,v4-v6-works
665,20160518,1653,,,system-v1,v4-v6-works
668,20160518,42514,,,system-v1,v4-v6-works
669,20160518,33924,84.20.64.71,2a00:6b80:1:0:220:4aff:fec5:5443,system-v1,v4-v6-works
672,20160518,31543,,,system-v1,v4-v6-works
688,20160518,34279,81.89.18.82,2a00:13b8::12:52,system-v1,v4-v6-works
698,20160518,34279,81.89.29.230,2a00:13b8::1d:e6,system-v1,v4-v6-works
699,20160518,29632,62.205.157.197,2a01:d0:0:23::2,system-v1,v4-v6-works
702,20160518,44869,80.71.82.54,2a02:17c0:11:2:220:4aff:fec5:5b1a,system-v1,v4-v6-works
713,20160518,20912,212.66.97.165,2001:40d0:ff:ffff::2,system-v1,v4-v6-works
731,20160518,42760,77.74.1.62,2a02:cd8:abac:3:220:4aff:fec5:5b12,system-v1,v4-v6-works
732,20160518,41073,89.207.59.36,2a00:1ed8:0:59::36,system-v1,v4-v6-works
739,20160518,20900,,,system-v1,v4-v6-works
748,20160518,43751,,,system-v1,v4-v6-works
750,20160518,13101,213.178.88.172,2a00:12d0:0:12d:220:4aff:fec6:ca68,system-v1,v4-v6-works
753,20160518,43950,79.98.33.222,2a01:568:5000:138:220:4aff:fec5:5b29,system-v1,v4-v6-works
764,20160518,1955,193.6.223.20,2001:738:0:410:220:4aff:fec6:cb2e,system-v1,v4-v6-works
784,20160518,12816,129.187.163.18,2001:4ca0:0:f014:220:4aff:fec7:ac17,system-v1,v4-v6-works
786,20160518,44869,80.71.82.50,2a02:17c0:11:1:220:4aff:fec7:ac1c,system-v1,v4-v6-works
789,20160518,13101,82.97.161.91,2a00:12d0:0:12e:220:4aff:fec6:ca3e,system-v1,v4-v6-works
812,20160518,12502,212.71.205.23,2001:14f8:1:1::17,system-v1,v4-v6-works
814,20160518,41000,176.74.16.164,2a00:b980:100:1::4,system-v1,v4-v6-works
820,20160518,24956,217.13.64.36,2a00:1030:0:48::4,system-v1,v4-v6-works
823,20160518,8879,212.62.68.21,2a00:1348::220:4aff:fec6:cb3e,system-v1,v4-v6-works
830,20160518,43382,77.74.170.62,2001:67c:2700:1920::62,system-v1,v4-v6-works
833,20160518,29422,188.117.5.237,2001:1bc8:101:ea00:220:4aff:fec6:cfd7,system-v1,v4-v6-works
834,20160518,8648,,,system-v1,v4-v6-works
844,20160518,199071,193.189.137.175,2001:67c:3f8:b:220:4aff:fec7:ae5e,system-v1,v4-v6-works
858,20160518,31712,95.128.15.132,2a04:4107:fffc:300:220:4aff:fec7:ae7c,system-v1,v4-v6-works
865,20160518,31712,,,system-v1,v4-v6-works
867,20160518,25376,82.148.227.13,2a00:1b98:1:0:220:4aff:fec7:ae01,system-v1,v4-v6-works
876,20160518,50056,178.18.118.101,2a01:8000:1ffa:f030:220:4aff:fec7:af00,system-v1,v4-v6-works
881,20160518,43081,,,system-v1,v4-v6-works
882,20160518,12502,193.105.105.194,2001:14f8:200:3::6,system-v1,v4-v6-works
883,20160518,43127,77.74.168.62,2a01:b100:1f0:1900:220:4aff:fec7:ae34,system-v1,v4-v6-works
898,20160518,34019,193.17.192.110,2001:67c:1740:200:220:4aff:fec7:af7c,system-v1,v4-v6-works
899,20160518,34878,129.13.70.22,2a00:1398:8:15:220:4aff:fec7:ae50,system-v1,v4-v6-works
919,20160518,680,141.89.226.52,2001:638:807:201:220:4aff:fec7:ae6e,system-v1,v4-v6-works
926,20160518,56740,31.130.200.9,2001:67c:2268:0:220:4aff:fec7:af97,system-v1,v4-v6-works
939,20160518,31019,91.228.151.62,2001:67c:22dc:386:220:4aff:fec7:aef7,system-v1,v4-v6-works
951,20160518,20612,194.242.34.240,2001:67c:20ac:0:220:4aff:fec7:af53,system-v1,v4-v6-works
960,20160518,30737,82.199.8.22,2a00:1a50:beef:0:220:4aff:fec7:afcb,system-v1,v4-v6-works
964,20160518,34612,91.215.148.53,2a03:5380:0:1882:220:4aff:fec7:afcf,system-v1,v4-v6-works
979,20160518,35366,85.31.184.111,2a02:180:ffff:1::551f:b86f,system-v1,v4-v6-works
1047,20160518,9735,203.119.87.232,2001:dca:2000::cb77:57e8,system-v1,v4-v6-works
1050,20160518,132003,103.196.108.3,2404:2000:3010:80:220:4aff:fec7:b041,system-v1,v4-v6-works
1069,20160518,45935,180.222.210.141,2400:3100:1:0:220:4aff:fec7:b008,system-v1,v4-v6-works
1083,20160518,45942,180.233.120.30,2402:cd00::220:4aff:fec7:b032,system-v1,v4-v6-works
1105,20160518,36375,141.213.135.222,2607:f018:699:fffa:220:4aff:fec7:b063,system-v1,v4-v6-works
1113,20160518,16881,199.212.124.184,2620:ee:8000:103:220:4aff:fec7:b06b,system-v1,v4-v6-works
1123,20160518,7922,73.178.68.31,2601:80:4000:fa4b:220:4aff:fec7:b077,system-v1,v4-v6-works
1164,20160518,26711,192.0.39.210,2620:0:2ed0:aaaa::210,system-v1,v4-v6-works
1171,20160518,33080,,,system-v1,v4-v6-works
1219,20160518,28855,,,system-v1,v4-v6-works
1228,20160518,786,,,system-v1,v4-v6-works
1230,20160518,3245,,,system-v1,v4-v6-works
1238,20160518,34225,91.184.33.57,2a01:198:0:3::57,system-v1,v4-v6-works
1260,20160518,2108,,,system-v1,v4-v6-works
1269,20160518,3245,,,system-v1,v4-v6-works
1281,20160518,21079,,,system-v1,v4-v6-works
1283,20160518,34594,85.114.53.76,2a02:ac8:0:107:220:4aff:fec7:bf09,system-v1,v4-v6-works
1293,20160518,2108,,,system-v1,v4-v6-works
1304,20160518,6730,,,system-v1,v4-v6-works
1305,20160518,30880,212.63.222.105,2a01:298:10:0:220:4aff:fec7:bf4b,system-v1,v4-v6-works
1306,20160518,13045,212.59.36.58,2a02:560:2:1c0::2,system-v1,v4-v6-works
1310,20160518,48200,,,system-v1,v4-v6-works
1315,20160518,25091,46.20.243.57,2a02:2528:ff01:3:220:4aff:fec7:bf78,system-v1,v4-v6-works
1324,20160518,2614,,,system-v1,v4-v6-works
1327,20160518,35548,84.254.65.10,2a00:14a8:1003:2:220:4aff:fec8:2449,system-v1,v4-v6-works
1329,20160518,8542,85.200.216.186,2a00:14d8:1001:79:220:4aff:fec8:247f,system-v1,v4-v6-works
1337,20160518,31122,,,system-v1,v4-v6-works
1342,20160518,48417,94.247.32.16,2a02:db8::7,system-v1,v4-v6-works
1355,20160518,41655,195.8.198.206,2a00:adc0:0:194:220:4aff:fec8:65f7,system-v1,v4-v6-works
1360,20160518,48173,46.231.177.254,2a00:cd0:1:505::2,system-v1,v4-v6-works
1370,20160518,12337,213.95.203.50,2001:780:129:3:220:4aff:fecb:c12,system-v1,v4-v6-works
1394,20160518,786,131.231.128.94,2001:630:301:4621:220:4aff:fecb:ceb,system-v1,v4-v6-works
1404,20160518,29691,,,system-v1,v4-v6-works
1408,20160518,16876,192.0.44.210,2620:0:2830:aaaa::210,system-v1,v4-v6-works
1415,20160518,31078,,,system-v1,v4-v6-works
1421,20160518,8943,185.73.44.7,2001:ba8:0:2c07:220:4aff:fecd:c6c9,system-v1,v4-v6-works
1425,20160518,20712,81.187.67.78,2001:8b0:ffea:0:220:4aff:fecd:c6d0,system-v1,v4-v6-works
1431,20160518,201011,83.142.87.33,2a01:4a0:1337::33,system-v1,v4-v6-works
1442,20160518,1273,195.59.8.106,2001:5000:1000:4::2,system-v1,v4-v6-works
1443,20160518,559,130.59.94.236,2001:620:0:2d:220:4aff:fecd:c6e9,system-v1,v4-v6-works
1451,20160518,12312,62.26.26.42,2001:4090:ec2::ffff:42,system-v1,v4-v6-works
1458,20160518,20694,217.114.70.26,2a01:688:4:69:220:4aff:fecd:c710,system-v1,v4-v6-works
1464,20160518,42579,78.158.64.10,2a01:550:0:301::300,system-v1,v4-v6-works
1481,20160518,8972,80.242.159.142,2001:830:128:14::6,system-v1,v4-v6-works
1484,20160518,3330,193.186.161.193,2a02:5e0::220:4aff:fed1:35ea,system-v1,v4-v6-works
1494,20160518,1120,,,system-v1,v4-v6-works
1514,20160518,30933,193.151.125.197,2a01:50:400:1::2,system-v1,v4-v6-works
2002,20160518,8283,,,system-v2,v4-v6-works
2010,20160518,35100,31.44.238.89,2a01:7900:40:11:220:4aff:fee0:21d7,system-v2,v4-v6-works
2018,20160518,8676,217.65.160.110,2001:1420:0:42::1:2,system-v2,v4-v6-works
2030,20160518,20712,178.238.155.106,2001:8b0:34f:5b8:220:4aff:fee0:21fc,system-v2,v4-v6-works
2052,20160518,8365,141.100.55.129,2001:41b8:9bf:fd3f:220:4aff:fee0:22c0,system-v2,v4-v6-works
2059,20160518,29518,83.219.200.66,2a00:1598:a:15:220:4aff:fee0:208a,system-v2,v4-v6-works
2070,20160518,1741,193.167.244.162,2001:708:0:ff00:220:4aff:fee0:2520,system-v2,v4-v6-works
2073,20160518,20712,,,system-v2,v4-v6-works
2078,20160518,31078,217.115.11.194,2a00:1328:e101:b05:220:4aff:fee0:22f3,system-v2,v4-v6-works
2098,20160518,1836,81.221.125.31,2a01:2a8:9000:0:220:4aff:fee0:24cf,system-v2,v4-v6-works
2143,20160518,57381,193.150.23.2,2001:67c:24e4:3:220:4aff:fee0:21d1,system-v2,v4-v6-works
2172,20160518,196922,178.248.240.226,2a02:1308:2224:caf9::1:1,system-v2,v4-v6-works
2177,20160518,20712,217.169.16.162,2001:8b0:63:2:220:4aff:fee0:228a,system-v2,v4-v6-works
2178,20160518,33890,77.72.160.202,2a02:af0:10:f001::2,system-v2,v4-v6-works
2190,20160518,30961,,,system-v2,v4-v6-works
2209,20160518,48500,,,system-v2,v4-v6-works
2212,20160518,13030,91.238.144.60,2a02:168:5a04:103::60,system-v2,v4-v6-works
2213,20160518,43408,87.238.200.4,2a00:1cd0:1::4,system-v2,v4-v6-works
2221,20160518,39288,46.21.223.231,2a02:2928:a::20,system-v2,v4-v6-works
2226,20160518,2200,,,system-v2,v4-v6-works
2228,20160518,24725,109.70.104.34,2001:4130::220:4aff:fee0:2288,system-v2,v4-v6-works
2252,20160518,1836,146.228.61.37,2a01:2a8:0:fffe:220:4aff:fee0:2271,system-v2,v4-v6-works
2253,20160518,44574,91.199.78.250,2001:67c:2544::250,system-v2,v4-v6-works
2259,20160518,12833,,,system-v2,v4-v6-works
2261,20160518,197696,31.170.10.7,2a01:9500:ff00::7,system-v2,v4-v6-works
2262,20160518,34863,81.23.47.242,2a00:fc8:0:b::2,system-v2,v4-v6-works
2269,20160518,9009,176.10.80.14,2a01:300:666:3::2,system-v2,v4-v6-works
2270,20160518,51675,46.17.112.110,2a02:2680:feed:faff::20,system-v2,v4-v6-works
2281,20160518,34171,,,system-v2,v4-v6-works
2288,20160518,47698,,,system-v2,v4-v6-works
2296,20160518,1103,192.87.38.29,2001:610:148:f00d:220:4aff:fee0:2424,system-v2,v4-v6-works
2302,20160518,15657,80.81.248.249,2a02:8b8:654:1:220:4aff:fee0:233f,system-v2,v4-v6-works
2305,20160518,553,193.196.182.15,2001:7c0:1b00:4:220:4aff:fee0:2323,system-v2,v4-v6-works
2311,20160518,1133,,,system-v2,v4-v6-works
2331,20160518,29672,217.21.224.173,2a03:c780:0:101:220:4aff:fee0:20dc,system-v2,v4-v6-works
2336,20160518,1955,195.111.107.70,2001:738:0:114:220:4aff:fee0:2413,system-v2,v4-v6-works
2378,20160518,34442,77.246.22.107,2a00:1990:0:b0:220:4aff:fee0:2006,system-v2,v4-v6-works
2391,20160518,8304,,,system-v2,v4-v6-works
2395,20160518,15800,185.12.113.9,2a02:f080:1:2::9,system-v2,v4-v6-works
2418,20160518,20712,90.155.42.156,2001:8b0:1:ec:220:4aff:fee0:2310,system-v2,v4-v6-works
2437,20160518,20712,,,system-v2,v4-v6-works
2439,20160518,20712,81.187.177.126,2001:8b0:3de:1:220:4aff:fee0:2004,system-v2,v4-v6-works
2458,20160518,49272,188.121.94.9,2a00:1300:0:11:220:4aff:fee0:207f,system-v2,v4-v6-works
2494,20160518,44217,,,system-v2,v4-v6-works
2498,20160518,15716,95.128.32.187,2001:618:1:102:220:4aff:fee0:2527,system-v2,v4-v6-works
2545,20160518,250,194.150.169.30,2001:4ce8:f188:42:220:4aff:fee0:2015,system-v2,v4-v6-works
2552,20160518,25145,77.92.104.2,2a02:ac87:ac87::2,system-v2,v4-v6-works
2557,20160518,8319,,,system-v2,v4-v6-works
2576,20160518,31214,,,system-v2,v4-v6-works
2591,20160518,40528,192.0.35.210,2620:0:2d0:aaaa::210,system-v2,v4-v6-works
2598,20160518,20555,213.135.44.56,2001:1a68:a::56,system-v2,v4-v6-works
2605,20160518,43751,,,system-v2,v4-v6-works
2612,20160518,49409,95.141.83.102,2a02:f58:5:4:220:4aff:fee0:200c,system-v2,v4-v6-works
2651,20160518,20712,81.187.244.139,2001:8b0:fa62:0:220:4aff:fee0:2270,system-v2,v4-v6-works
2664,20160518,56430,86.105.155.146,2a05:91c0:203::146,system-v2,v4-v6-works
2669,20160518,56430,89.36.18.13,2a05:91c0:507::13,system-v2,v4-v6-works
2695,20160518,198644,,,system-v2,v4-v6-works
2707,20160518,12337,213.95.133.190,2001:780:100:6::2,system-v2,v4-v6-works
2713,20160518,60706,185.26.196.250,2a00:8c60:1:3:220:4aff:fee0:2661,system-v2,v4-v6-works
2729,20160518,13103,188.230.120.141,2a00:1db0:20::828:141,system-v2,v4-v6-works
2733,20160518,12337,213.155.94.138,2001:780:100:113::2,system-v2,v4-v6-works
2779,20160518,12355,212.37.37.118,2001:14f0:0:dc03::37:118,system-v2,v4-v6-works
2781,20160518,24956,217.13.64.149,2a00:1030:100:0:220:4aff:fee0:2212,system-v2,v4-v6-works
2793,20160518,36483,,,system-v2,v4-v6-works
2800,20160518,3320,80.149.49.198,2003:8:1:100:220:4aff:fee0:2009,system-v2,v4-v6-works
2801,20160518,57079,146.247.0.186,2a03:84c0:0:a02:220:4aff:fee0:21b6,system-v2,v4-v6-works
2807,20160518,12310,80.86.103.218,2a02:2a00:2b00:aaaa::16,system-v2,v4-v6-works
2814,20160518,12310,89.149.60.238,2a02:2a00:2b00:aaaa::1a,system-v2,v4-v6-works
2820,20160518,35826,,,system-v2,v4-v6-works
2827,20160518,35518,87.245.64.41,2a00:d80::1:1a,system-v2,v4-v6-works
2833,20160518,49463,,,system-v2,v4-v6-works
2858,20160518,19255,204.9.55.84,2001:4978:1:420:220:4aff:fee0:24f3,system-v2,v4-v6-works
2868,20160518,55895,58.84.254.11,2402:a800:fff0::11,system-v2,v4-v6-works
2873,20160518,6830,,,system-v2,v4-v6-works
2886,20160518,1853,193.170.114.46,2001:628:2006:11::2,system-v2,v4-v6-works
2887,20160518,15451,193.27.55.22,2a00:e50:f154:5180::22,system-v2,v4-v6-works
2928,20160518,262149,200.59.16.60,2800:640:bb:1:220:4aff:fee0:2269,system-v2,v4-v6-works
2944,20160518,12303,5.28.0.6,2a00:e6a0:2:1:220:4aff:fee0:21f4,system-v2,v4-v6-works
2954,20160518,6830,62.24.68.246,2a02:8304:1:4:220:4aff:fee0:228d,system-v2,v4-v6-works
2957,20160518,44034,80.251.201.187,2a02:aa0:0:1:220:4aff:fee0:25d8,system-v2,v4-v6-works
2977,20160518,6830,62.24.68.242,2a02:8304:1:3:220:4aff:fee0:264b,system-v2,v4-v6-works
2979,20160518,8501,212.191.227.50,2001:b10:c000:5::5,system-v2,v4-v6-works
2980,20160518,1103,145.100.98.2,2001:610:158:980::2,system-v2,v4-v6-works
3043,20160518,680,134.91.78.146,2001:638:501:8efc:280:a3ff:fe91:9b8,system-v2,v4-v6-works
3046,20160518,1853,193.170.114.34,2001:628:2006:8:280:a3ff:fe91:3fb9,system-v2,v4-v6-works
3053,20160518,24823,217.14.49.198,2a01:5a40:0:2:280:a3ff:fe91:3e8e,system-v2,v4-v6-works
3059,20160518,33873,,,system-v2,v4-v6-works
3075,20160518,8319,,,system-v2,v4-v6-works
3091,20160518,2857,217.198.242.228,2001:4c80:0:7f0:280:a3ff:fe91:981,system-v2,v4-v6-works
3098,20160518,24823,217.14.49.194,2a01:5a40:0:1:280:a3ff:fe91:95b,system-v2,v4-v6-works
3111,20160518,1853,193.170.114.42,2001:628:2006:10::2,system-v2,v4-v6-works
3115,20160518,1241,,,system-v2,v4-v6-works
3118,20160518,1853,193.170.114.30,2001:628:2006:7::2,system-v2,v4-v6-works
3119,20160518,1853,193.170.114.50,2001:628:2006:12::2,system-v2,v4-v6-works
3126,20160518,1241,,,system-v2,v4-v6-works
3132,20160518,1853,193.170.114.18,2001:628:2006:4::2,system-v2,v4-v6-works
3134,20160518,1853,193.170.114.6,2001:628:2006:1::2,system-v2,v4-v6-works
3140,20160518,49463,31.216.30.250,2a02:27d0:17:0:280:a3ff:fe91:3feb,system-v2,v4-v6-works
3145,20160518,49463,46.21.125.250,2a02:27d0:5:0:280:a3ff:fe91:3b9a,system-v2,v4-v6-works
3161,20160518,1103,145.100.135.201,2001:610:2d0:999:220:4aff:fee0:1ea4,system-v2,v4-v6-works
3164,20160518,34878,,,system-v2,v4-v6-works
3168,20160518,16175,77.110.227.134,2a00:e08:4007:101:280:a3ff:fe91:4163,system-v2,v4-v6-works
3174,20160518,31122,92.51.196.246,2a01:258:fffe:2:280:a3ff:fe91:3bda,system-v2,v4-v6-works
3204,20160518,49463,46.21.121.250,2a02:27d0:4:0:280:a3ff:fe91:3bc9,system-v2,v4-v6-works
3211,20160518,1955,195.111.107.74,2001:738:0:111:280:a3ff:fe91:40c6,system-v2,v4-v6-works
3213,20160518,20845,92.249.150.42,2a01:368:1400:afff::2,system-v2,v4-v6-works
3231,20160518,41135,,,system-v2,v4-v6-works
3237,20160518,57866,37.139.139.71,2a00:a7c0:1000:1303::1305,system-v2,v4-v6-works
3238,20160518,9031,77.109.100.107,2a02:578:4701::11,system-v2,v4-v6-works
3245,20160518,1955,195.111.107.158,2001:738:0:110:280:a3ff:fe91:40ab,system-v2,v4-v6-works
3247,20160518,29243,,,system-v2,v4-v6-works
3276,20160518,20845,92.249.150.46,2a01:368:600:afff::2,system-v2,v4-v6-works
3284,20160518,12779,212.110.33.252,2001:1418:1:201::fc,system-v2,v4-v6-works
3290,20160518,29422,83.145.221.91,2001:1bc8:100:1f:280:a3ff:fe91:428b,system-v2,v4-v6-works
3308,20160518,48972,95.130.232.5,2a02:b70:0:503:280:a3ff:fe91:389e,system-v2,v4-v6-works
3313,20160518,199087,89.190.3.17,2a03:7c00:feed:cafe::17,system-v2,v4-v6-works
3324,20160518,132797,103.25.229.154,2001:dec:0:7:280:a3ff:fe91:3b01,system-v2,v4-v6-works
3336,20160518,20845,92.249.150.38,2a01:368:2100:afff::2,system-v2,v4-v6-works
3338,20160518,8462,193.227.197.16,2a01:5d0::280:a3ff:fe91:40d3,system-v2,v4-v6-works
3353,20160518,39309,,,system-v2,v4-v6-works
3357,20160518,12502,212.71.198.233,2001:14f8:9:3::1,system-v2,v4-v6-works
3368,20160518,20845,92.249.150.26,2a01:368:1500:afff::2,system-v2,v4-v6-works
3374,20160518,198818,178.132.64.146,2a03:2380:2:c::4,system-v2,v4-v6-works
3377,20160518,41153,91.215.5.130,2001:67c:1288:25::10,system-v2,v4-v6-works
3391,20160518,197745,185.2.0.34,2a00:90c0:400:0:280:a3ff:fe91:45c5,system-v2,v4-v6-works
3400,20160518,16086,,,system-v2,v4-v6-works
3423,20160518,3943,153.16.25.237,2610:d0:111a:1:280:a3ff:fe91:476b,system-v2,v4-v6-works
3430,20160518,3943,153.16.25.25,2610:d0:110d:0:280:a3ff:fe91:4644,system-v2,v4-v6-works
3435,20160518,29551,109.71.31.221,2a01:440:1:1a:280:a3ff:fe91:466c,system-v2,v4-v6-works
3442,20160518,198171,,,system-v2,v4-v6-works
3444,20160518,7018,,,system-v2,v4-v6-works
3455,20160518,50957,5.153.255.238,2a02:24e0:d100:103::2,system-v2,v4-v6-works
3462,20160518,50957,5.153.255.234,2a02:24e0:0:3462::2,system-v2,v4-v6-works
3498,20160518,198171,,,system-v2,v4-v6-works
3499,20160518,12617,91.102.91.21,2a02:9d0:3000:1::21,system-v2,v4-v6-works
3500,20160518,25309,194.116.126.7,2001:7f8:23:78:220:4aff:fee0:20d0,system-v2,v4-v6-works
3505,20160518,20712,91.244.239.148,2001:8b0:13c7:45fe:280:a3ff:fe91:416a,system-v2,v4-v6-works
3515,20160518,52088,46.30.26.30,2a02:22f0:3:fa30:220:4aff:fee0:20cd,system-v2,v4-v6-works
3517,20160518,3663,,,system-v2,v4-v6-works
3528,20160518,11815,200.3.170.53,2001:13e8:e:0:220:4aff:fee0:1f8c,system-v2,v4-v6-works
3543,20160518,50047,109.70.101.101,2a03:e600::280:a3ff:fe91:45fd,system-v2,v4-v6-works
3554,20160518,20773,176.28.4.210,2a01:488:fade:fefe::412,system-v2,v4-v6-works
3561,20160518,786,212.219.210.219,2001:630:50:d014:280:a3ff:fe91:4751,system-v2,v4-v6-works
3564,20160518,43142,46.227.16.10,2a01:6e00:10:410::4,system-v2,v4-v6-works
3569,20160518,1798,192.149.16.178,2607:6d00:0:ffff:280:a3ff:fe91:4390,system-v2,v4-v6-works
3597,20160518,20773,176.28.4.194,2a01:488:fade:fefe::402,system-v2,v4-v6-works
3622,20160518,50343,109.233.156.242,2a01:8781:7473::61:746c:6173,system-v2,v4-v6-works
3628,20160518,56534,85.143.163.226,2a04:ac00:0:11::6,system-v2,v4-v6-works
3632,20160518,50343,109.233.152.242,2a01:8780:7473::61:746c:6173,system-v2,v4-v6-works
3635,20160518,20764,185.5.163.246,2a00:1c28:1:fafa:2::2,system-v2,v4-v6-works
3637,20160518,20764,185.5.163.250,2a00:1c28:1:fafa:1::2,system-v2,v4-v6-works
3661,20160518,786,152.78.64.131,2001:630:d0:f111:280:a3ff:fe91:97f,system-v2,v4-v6-works
3667,20160518,20764,185.5.163.254,2a00:1c28:1:fafa::2,system-v2,v4-v6-works
3672,20160518,25532,217.16.19.46,2a00:15f8:1:4::1:0,system-v2,v4-v6-works
3702,20160518,24582,5.61.82.133,2a00:5f40:12:301:561:82:133:3702,system-v2,v4-v6-works
3739,20160518,2500,203.178.134.83,2001:200:0:9401:280:a3ff:fe91:406c,system-v2,v4-v6-works
3742,20160518,1955,195.111.99.82,2001:738:0:113:280:a3ff:fe91:3b6a,system-v2,v4-v6-works
3747,20160518,1955,195.111.99.78,2001:738:0:112:280:a3ff:fe91:3b4a,system-v2,v4-v6-works
3772,20160518,2500,203.178.130.107,2001:200:1d8::107,system-v2,v4-v6-works
3790,20160518,5645,198.84.215.81,2607:f2c0:101:3:280:a3ff:fe91:397d,system-v2,v4-v6-works
3862,20160518,16086,62.197.161.12,2001:14b8:0:3001:280:a3ff:fe91:3a0d,system-v2,v4-v6-works
3916,20160518,20712,185.19.150.231,2a04:ec40:e000:0:280:a3ff:fe91:3c0b,system-v2,v4-v6-works
3945,20160518,42610,77.37.251.84,2a02:2168:202:1::84,system-v2,v4-v6-works
4013,20160518,25098,213.230.209.253,2a01:70:1:209::253,system-v2,v4-v6-works
4014,20160518,197573,,,system-v2,v4-v6-works
4015,20160518,29014,85.158.4.14,2a00:12e8::80:a391:3846,system-v2,v4-v6-works
4061,20160518,37197,41.67.16.16,2c0f:fec8:16:0:280:a3ff:fe91:4638,system-v2,v4-v6-works
4088,20160518,327813,169.255.59.253,2c0f:f598::13,system-v2,v4-v6-works
4109,20160518,44764,92.42.65.34,2a00:1400:1:2:280:a3ff:fe91:42f7,system-v2,v4-v6-works
4146,20160518,20773,,,system-v2,v4-v6-works
4147,20160518,20773,,,system-v2,v4-v6-works
4164,20160518,24971,89.185.224.176,2a01:430:0:2b:280:a3ff:fe91:3fe8,system-v2,v4-v6-works
4179,20160518,57763,91.224.66.230,2a01:5740::280:a3ff:fe91:38b1,system-v2,v4-v6-works
4247,20160518,24875,212.79.254.60,2001:968:8888:0:212:79:254:60,system-v2,v4-v6-works
4306,20160518,39931,77.245.135.31,2a00:4fc0:100:0:280:a3ff:fe91:3fc5,system-v2,v4-v6-works
4333,20160518,25220,85.197.82.106,2001:4b38:5:100::2,system-v2,v4-v6-works
4347,20160518,680,,,system-v2,v4-v6-works
4362,20160518,3320,,,system-v2,v4-v6-works
4364,20160518,13039,212.20.165.134,2001:40b8:200:2010:280:a3ff:fe91:993,system-v2,v4-v6-works
4380,20160518,15372,212.111.232.36,2a01:7700:0:1033:220:4aff:fee0:2694,system-v2,v4-v6-works
4404,20160518,24582,5.61.82.141,2a00:5f40:22:305:561:82:141:4404,system-v2,v4-v6-works
4481,20160518,198864,194.36.11.62,2a01:56c0:4033:0:220:4aff:fee0:23da,system-v2,v4-v6-works
4492,20160518,49962,194.0.58.54,2001:67c:3e0:c7:280:a3ff:fe91:3f46,system-v2,v4-v6-works
4543,20160518,20845,92.249.150.30,2a01:368:2600:afff::2,system-v2,v4-v6-works
4563,20160518,20676,62.206.225.11,2001:1a80:3015:0:280:a3ff:fe91:38bc,system-v2,v4-v6-works
4575,20160518,20676,212.60.217.165,2001:1a80:303b:0:280:a3ff:fe91:3b2d,system-v2,v4-v6-works
4601,20160518,8591,212.18.39.106,2001:15c0:1000:1053:280:a3ff:fe91:3fee,system-v2,v4-v6-works
4697,20160518,198385,37.35.104.126,2a03:2040:0:7:280:a3ff:fe91:44fa,system-v2,v4-v6-works
4721,20160518,132696,202.3.78.9,2001:df0:214::9,system-v2,v4-v6-works
4762,20160518,31371,195.160.169.32,2001:67c:275c:a9:280:a3ff:fe91:391c,system-v2,v4-v6-works
4774,20160518,9735,203.119.2.232,2001:dca:4000::cb77:2e8,system-v2,v4-v6-works
4777,20160518,35574,194.187.172.112,2a04:a9c0::3:6,system-v2,v4-v6-works
4784,20160518,25486,217.172.32.238,2a02:b08:0:1::3,system-v2,v4-v6-works
4798,20160518,13101,213.178.92.155,2a00:12d0:0:11f:280:a3ff:fe91:3a41,system-v2,v4-v6-works
4826,20160518,29834,,,system-v2,v4-v6-works
4828,20160518,39069,147.84.200.125,2a00:db40:0:1:280:a3ff:fe91:42e2,system-v2,v4-v6-works
4850,20160518,21239,149.126.56.54,2a02:6e0:0:1::54,system-v2,v4-v6-works
4860,20160518,3265,46.23.88.9,2a03:6000:880::9,system-v2,v4-v6-works
4895,20160518,199220,89.22.48.20,2001:67c:10e8:1::100,system-v2,v4-v6-works
4925,20160518,2852,195.113.220.113,2001:718:1a02:1:280:a3ff:fe91:4505,system-v2,v4-v6-works
4941,20160518,38158,121.100.4.62,2402:9800:100:1:280:a3ff:fe91:474d,system-v2,v4-v6-works
4958,20160518,3927,198.180.150.39,2001:418:8006::39,system-v2,v4-v6-works
4959,20160518,4128,198.180.152.19,2001:418:3807::19,system-v2,v4-v6-works
4978,20160518,3292,62.243.23.225,2001:6c8:3f00:abe:280:a3ff:fe91:4252,system-v2,v4-v6-works
4981,20160518,3130,147.28.0.132,2001:418:1:0:280:a3ff:fe91:449a,system-v2,v4-v6-works
4985,20160518,4787,202.158.8.62,2001:d10:0:ff:280:a3ff:fe91:4575,system-v2,v4-v6-works
6012,20160518,3333,,,,v4-v6-works
10004,20160518,3333,193.0.0.78,2001:67c:2e8:ffe1:fad1:11ff:fea9:e2a2,system-v3,v4-v6-works
10051,20160518,12676,88.205.97.14,2a02:4c00:100:4002::2,system-v3,v4-v6-works
10052,20160518,13246,95.130.22.90,2a02:2940:0:c002:a2f3:c1ff:fec4:406a,system-v3,v4-v6-works
10056,20160518,20845,92.249.150.50,2a01:368:1000:afff::2,system-v3,v4-v6-works
10061,20160518,12676,213.9.44.138,2a02:4c00:0:4001::2,system-v3,v4-v6-works
10067,20160518,15798,,,system-v3,v4-v6-works
10070,20160518,12963,213.160.130.6,2a00:9880:0:99::2,system-v3,v4-v6-works
10074,20160518,24482,203.175.175.196,2405:4200:100:10::196,system-v3,v4-v6-works
10093,20160518,20845,92.249.150.54,2a01:368:2800:afff::2,system-v3,v4-v6-works
10100,20160518,15669,,,system-v3,v4-v6-works
10105,20160518,3333,,,system-v3,v4-v6-works
10109,20160518,42689,95.175.134.4,2a01:388:100:52:a2f3:c1ff:fe96:12a5,system-v3,v4-v6-works
10177,20160518,766,163.117.140.28,2001:720:410:1020:a2f3:c1ff:fea6:71f8,system-v3,v4-v6-works
10189,20160518,20712,90.155.94.94,2001:8b0:1638:9d8:a2f3:c1ff:fe96:1093,system-v3,v4-v6-works
10256,20160518,15826,80.247.227.224,2a00:1a60:50e3:e000::1,system-v3,v4-v6-works
10311,20160518,32440,208.100.125.38,2607:f390:0:1124::a,system-v3,v4-v6-works
10317,20160518,2914,157.238.250.5,2001:418:3800:3000:a2f3:c1ff:fea6:6099,system-v3,v4-v6-works
10362,20160518,237,192.122.200.170,2001:48a8:7fff:13::2,system-v3,v4-v6-works
10369,20160518,20355,69.2.47.30,2604:d800:0:fff8:a2f3:c1ff:fec4:531a,system-v3,v4-v6-works
10386,20160518,7922,50.182.180.34,2601:80:4004:7900:a2f3:c1ff:fea6:7177,system-v3,v4-v6-works
10413,20160518,4181,204.246.3.62,2600:3402:400:724:a2f3:c1ff:fec4:3aa8,system-v3,v4-v6-works
10415,20160518,12276,192.33.255.26,2620:11a:b000:102::2,system-v3,v4-v6-works
10418,20160518,3599,64.73.41.116,2607:fee0:8008:1:a2f3:c1ff:fe96:1023,system-v3,v4-v6-works
10477,20160518,46609,206.125.166.212,2607:fc10:0:a000::212,system-v3,v4-v6-works
10487,20160518,2914,,,system-v3,v4-v6-works
10495,20160518,32440,76.165.193.133,2607:f390:43ff:ffff:a2f3:c1ff:fe9c:a1f4,system-v3,v4-v6-works
10609,20160518,44395,46.162.192.140,2a00:cc40:0:6:a2f3:c1ff:fec4:4069,system-v3,v4-v6-works
10615,20160518,6830,213.46.228.225,2001:730:0:f:a2f3:c1ff:fec4:5d22,system-v3,v4-v6-works
10635,20160518,48961,195.114.102.151,2a00:13d0:101:3::151,system-v3,v4-v6-works
10638,20160518,1741,193.166.86.106,2001:708:10:4000:a2f3:c1ff:fec4:5704,system-v3,v4-v6-works
10640,20160518,36351,67.228.81.214,2607:f0d0:2001:78::2,system-v3,v4-v6-works
10653,20160518,49962,194.0.58.50,2001:67c:3e0:111::2,system-v3,v4-v6-works
10659,20160518,43733,,,system-v3,v4-v6-works
10660,20160518,15533,62.73.145.205,2001:4138:fed6:ffff::205:1,system-v3,v4-v6-works
10667,20160518,39029,87.238.37.58,2a02:c0:404::1,system-v3,v4-v6-works
10674,20160518,36351,50.23.93.62,2607:f0d0:2101:5b::2,system-v3,v4-v6-works
10675,20160518,36351,173.192.213.14,2607:f0d0:3001:63::2,system-v3,v4-v6-works
10676,20160518,36351,119.81.45.190,2401:c900:1101:2c::2,system-v3,v4-v6-works
10677,20160518,36351,50.23.207.118,2607:f0d0:1101:297::2,system-v3,v4-v6-works
10735,20160518,8676,31.7.8.98,2a03:9f00:0:20::20,system-v3,v4-v6-works
10757,20160518,13030,,,system-v3,v4-v6-works
10807,20160518,45494,202.6.102.34,2001:dd8:25:7:a2f3:c1ff:fec4:4073,system-v3,v4-v6-works
10814,20160518,237,,,system-v3,v4-v6-works
10836,20160518,13287,213.162.201.234,2a02:23a0:1111:14::2,system-v3,v4-v6-works
10893,20160518,1140,94.198.159.5,2a00:d78:0:712:fa1a:67ff:fe4d:7435,system-v3,v4-v6-works
10915,20160518,35368,185.36.136.10,2a04:6440:ff::10,system-v3,v4-v6-works
10924,20160518,197075,46.31.104.239,2a02:2420:0:8000:fa1a:67ff:fe4d:740e,system-v3,v4-v6-works
10964,20160518,41391,94.136.168.3,2a00:1418:2a00:3::1,system-v3,v4-v6-works
10967,20160518,3741,168.210.11.118,2c0f:fc00:a000:1090:fa1a:67ff:fe4d:706c,system-v3,v4-v6-works
10977,20160518,58587,103.7.251.179,2403:9300:0:20:fa1a:67ff:fe52:eadc,system-v3,v4-v6-works
10984,20160518,1103,145.100.135.225,2001:610:2d0:999:fa1a:67ff:fe4d:85f5,system-v3,v4-v6-works
10995,20160518,28788,62.133.192.222,2001:4128:6135:5555:fa1a:67ff:fe4d:7731,system-v3,v4-v6-works
11103,20160518,34524,185.18.57.250,2a02:d6c0:ffff:0:fa1a:67ff:fe4d:6cf4,system-v3,v4-v6-works
11125,20160518,12991,,,system-v3,v4-v6-works
11141,20160518,760,,,system-v3,v4-v6-works
11150,20160518,15763,212.29.34.210,2a03:f580:7004:10:212:29:34:210,system-v3,v4-v6-works
11171,20160518,7018,12.0.1.55,2001:1890:111d:1::5,system-v3,v4-v6-works
11185,20160518,680,139.18.11.1,2001:638:902:2000:fa1a:67ff:fe4d:76ab,system-v3,v4-v6-works
11202,20160518,44776,146.216.0.10,2a02:110:0:1::10,system-v3,v4-v6-works
11206,20160518,43341,213.211.195.38,2a03:5080:1:4:fa1a:67ff:fe4d:5926,system-v3,v4-v6-works
11215,20160518,10745,199.43.0.190,2001:500:4:10::190,system-v3,v4-v6-works
11217,20160518,34177,94.228.191.86,2001:ab8:250:5:fa1a:67ff:fe4d:773f,system-v3,v4-v6-works
11218,20160518,7514,210.198.22.236,2001:2f0:107:2:fa1a:67ff:fe4d:4cb1,system-v3,v4-v6-works
11226,20160518,6720,,,system-v3,v4-v6-works
11253,20160518,39057,,,system-v3,v4-v6-works
11256,20160518,51090,185.77.194.66,2a03:5620:11:cc01::2,system-v3,v4-v6-works
11297,20160518,7514,,,system-v3,v4-v6-works
11358,20160518,20845,92.249.150.58,2a01:368:1900:afff::2,system-v3,v4-v6-works
11420,20160518,42541,193.104.135.58,2a03:5440:100:42:fa1a:67ff:fe4d:71ee,system-v3,v4-v6-works
11440,20160518,25365,195.190.136.249,2001:67c:2f24:21::249,system-v3,v4-v6-works
11462,20160518,62251,185.35.220.26,2a00:e460:2a00:caff:ee::1ce,system-v3,v4-v6-works
11516,20160518,24958,213.129.66.97,2a00:1430:1100:ff01::6,system-v3,v4-v6-works
11528,20160518,2914,204.2.134.10,2001:418:8405:f001:a2f3:c1ff:fe96:10a1,system-v3,v4-v6-works
11551,20160518,786,163.1.5.203,2001:630:441:905::cb,system-v3,v4-v6-works
11598,20160518,49835,109.69.8.210,2a00:1508::210,system-v3,v4-v6-works
11600,20160518,30892,89.251.238.78,2a02:aa8:0:2001::10,system-v3,v4-v6-works
11602,20160518,30892,89.251.238.74,2a02:aa8:0:2000::10,system-v3,v4-v6-works
11606,20160518,8226,109.68.120.151,2001:4d00:10:7:109:68:120:151,system-v3,v4-v6-works
11617,20160518,59689,185.3.128.126,2a02:5cc0:0:1:fa1a:67ff:fe4d:7d60,system-v3,v4-v6-works
11621,20160518,58308,91.109.120.23,2a01:66c0::1:1261,system-v3,v4-v6-works
11634,20160518,11071,209.33.220.90,2604:2c00:0:109::2,system-v3,v4-v6-works
11690,20160518,1101,145.220.0.33,2001:67c:6ec:201:fa1a:67ff:fe4d:813d,system-v3,v4-v6-works
11698,20160518,1103,192.87.28.101,2001:610:511:3028:fa1a:67ff:fe4d:73de,system-v3,v4-v6-works
11734,20160518,38719,27.54.95.253,2407:4c00:0:aaa1::2,system-v3,v4-v6-works
11742,20160518,60036,185.61.112.146,2a04:ebc0:766:111:fa1a:67ff:fe4d:8031,system-v3,v4-v6-works
11745,20160518,11071,64.255.95.122,2604:2c00:0:402::2,system-v3,v4-v6-works
11804,20160518,32440,,,system-v3,v4-v6-works
11874,20160518,15836,,,system-v3,v4-v6-works
11877,20160518,57329,31.31.44.97,2a06:d440:1:442:fa1a:67ff:fe4d:7533,system-v3,v4-v6-works
11942,20160518,60351,185.21.164.5,2a00:8140:1000:2::2,system-v3,v4-v6-works
12015,20160518,41090,,,system-v3,v4-v6-works
12093,20160518,16796,216.73.79.42,2620:b0::a2f3:c1ff:fec4:410a,system-v3,v4-v6-works
12197,20160518,9431,130.216.38.60,2001:df0:0:2006:fa1a:67ff:fe4d:82db,system-v3,v4-v6-works
12211,20160518,8422,81.173.192.100,2001:4dd0:200:402::8422,system-v3,v4-v6-works
12219,20160518,62416,185.32.189.9,2a00:c560::9,system-v3,v4-v6-works
12220,20160518,21034,195.32.69.197,2a00:1be0:0:99::197,system-v3,v4-v6-works
12291,20160518,49866,193.19.136.253,2001:67c:164:200:a2f3:c1ff:fea6:7870,system-v3,v4-v6-works
12335,20160518,198435,212.18.243.120,2a00:78c0:0:1:a2f3:c1ff:fec4:3ac7,system-v3,v4-v6-works
12338,20160518,198002,149.255.83.11,2a03:1180:0:ffff:a2f3:c1ff:fec4:46fa,system-v3,v4-v6-works
12344,20160518,30983,196.200.131.136,2001:4310:110:1:a2f3:c1ff:fec4:473f,system-v3,v4-v6-works
12367,20160518,31170,82.113.164.137,2a02:2b38:4:403:fa1a:67ff:fe4d:8644,system-v3,v4-v6-works
12383,20160518,16395,198.181.199.22,2620:19:4000:50:fa1a:67ff:fe4d:73ee,system-v3,v4-v6-works
12404,20160518,58620,,,system-v3,v4-v6-works
12415,20160518,18210,,,system-v3,v4-v6-works
12451,20160518,12414,37.208.115.194,2a00:c7c0:0:1260::194,system-v3,v4-v6-works
12527,20160518,25309,194.116.126.42,2001:7f8:23:78:a2f3:c1ff:fec4:5bd6,system-v3,v4-v6-works
12535,20160518,15497,62.149.31.151,2a03:6300:0:12:0:61:746c:6173,system-v3,v4-v6-works
12599,20160518,35434,,,system-v3,v4-v6-works
12722,20160518,1853,,,system-v3,v4-v6-works
12724,20160518,5539,193.149.48.133,2001:608:4:0:a2f3:c1ff:fec4:5aaf,system-v3,v4-v6-works
12750,20160518,28875,185.104.16.33,2a00:f740:100:0:a2f3:c1ff:fec4:3fe7,system-v3,v4-v6-works
12808,20160518,10881,200.238.128.160,2801:82:0:2:a2f3:c1ff:fec4:47c6,system-v3,v4-v6-works
12857,20160518,199664,185.49.141.4,2a04:b900:0:100:a2f3:c1ff:fec4:531d,system-v3,v4-v6-works
12867,20160518,7106,,,system-v3,v4-v6-works
12877,20160518,28681,193.201.116.249,2001:67c:5e8:fe:fa1a:67ff:fe4d:85bc,system-v3,v4-v6-works
12904,20160518,1887,148.81.198.150,2a00:1488:241:1::2,system-v3,v4-v6-works
12983,20160518,199993,,,system-v3,v4-v6-works
12992,20160518,5408,83.212.128.124,2001:648:2e80:11:a2f3:c1ff:fec4:4bb8,system-v3,v4-v6-works
13001,20160518,51349,,,system-v3,v4-v6-works
13010,20160518,5408,195.130.109.139,2001:648:2330:79:a2f3:c1ff:fec4:3bf6,system-v3,v4-v6-works
13028,20160518,61006,37.252.112.249,2a00:d740::4:1234,system-v3,v4-v6-works
13066,20160518,6661,194.154.195.83,2001:7e8:8001:101::3,system-v3,v4-v6-works
13114,20160518,36914,41.89.1.251,2c0f:fe08:13:1:fa1a:67ff:fe4d:7493,system-v3,v4-v6-works
13124,20160518,15695,37.26.226.46,2a00:cb8:49:bb::46,system-v3,v4-v6-works
13127,20160518,15695,74.122.108.46,2607:a800:917:bb::46,system-v3,v4-v6-works
13132,20160518,10566,,,system-v3,v4-v6-works
13137,20160518,15695,74.122.110.46,2607:a800:202:bb::46,system-v3,v4-v6-works
13182,20160518,10566,,,system-v3,v4-v6-works
13198,20160518,48344,91.207.16.58,2001:67c:140:140f::2,system-v3,v4-v6-works
13200,20160518,25234,81.95.104.148,2a02:4a8:ac24:121:a2f3:c1ff:fec4:489b,system-v3,v4-v6-works
13202,20160518,4150,162.218.2.45,2607:f4e0:600:101::45,system-v3,v4-v6-works
13210,20160518,35600,185.56.176.2,2a02:5520:ffff:0:a2f3:c1ff:fec4:485e,system-v3,v4-v6-works
13267,20160518,8820,217.144.137.126,2a02:a00::fffd:0:0:126,system-v3,v4-v6-works
13271,20160518,49604,217.146.65.59,2a02:29e8:700:0:3::59,system-v3,v4-v6-works
13298,20160518,15772,217.20.191.2,2a01:6b0:0:3:a2f3:c1ff:fec4:5d43,system-v3,v4-v6-works
13311,20160518,16409,38.103.8.29,2001:550:102:1::2,system-v3,v4-v6-works
13411,20160518,30889,194.177.50.29,2a01:6d8:700:1:a2f3:c1ff:fec4:3fea,system-v3,v4-v6-works
13469,20160518,30889,194.177.42.181,2a01:6d8:200:1:a2f3:c1ff:fec4:4342,system-v3,v4-v6-works
13562,20160518,1853,,,system-v3,v4-v6-works
13606,20160518,60362,185.31.40.9,2a00:b6e0:1:250:a2f3:c1ff:fec4:5ba7,system-v3,v4-v6-works
13643,20160518,8365,130.83.125.106,2001:41b8:83f:2013:fa1a:67ff:fe4d:7d53,system-v3,v4-v6-works
13663,20160518,14840,187.103.96.60,2804:8:0:100::60,system-v3,v4-v6-works
13697,20160518,51172,195.8.218.225,2001:67c:218:199:a2f3:c1ff:fec4:68aa,system-v3,v4-v6-works
13705,20160518,37100,105.16.112.6,2c0f:feb0:2:1::9,system-v3,v4-v6-works
13725,20160518,37100,105.16.144.2,2c0f:feb0:9:1::2,system-v3,v4-v6-works
13734,20160518,37100,105.16.152.2,2c0f:feb0:a:1::2,system-v3,v4-v6-works
13735,20160518,3999,146.186.115.74,2610:8:7800:f:a2f3:c1ff:fec4:5da9,system-v3,v4-v6-works
13774,20160518,29605,178.255.128.27,2a01:6940:201:603::1b,system-v3,v4-v6-works
13817,20160518,8265,195.96.192.205,2a02:2888:8265:192:192::205,system-v3,v4-v6-works
13870,20160518,15630,62.204.193.11,2a01:4a80:0:2200::11,system-v3,v4-v6-works
13880,20160518,49638,91.213.30.30,2001:67c:137c:1:a2f3:c1ff:fec4:5e26,system-v3,v4-v6-works
13896,20160518,766,147.156.9.141,2001:720:1014:21:a2f3:c1ff:fec4:702c,system-v3,v4-v6-works
13939,20160518,51862,46.16.72.9,2a02:2478:1:10::9,system-v3,v4-v6-works
13955,20160518,3320,62.159.96.154,2003:60:4010:1140::10,system-v3,v4-v6-works
13964,20160518,35313,80.88.241.238,2a03:1c00:0:2::2,system-v3,v4-v6-works
13974,20160518,8953,109.166.203.194,2a02:a58:9020::2,system-v3,v4-v6-works
13981,20160518,15598,80.190.133.149,2a01:138:9014::149,system-v3,v4-v6-works
13984,20160518,41860,95.158.85.206,2a03:8880:2:102::2,system-v3,v4-v6-works
13994,20160518,680,212.201.44.85,2001:638:709:702:fa1a:67ff:fe4d:6ecc,system-v3,v4-v6-works
14004,20160518,3333,,,system-v3,v4-v6-works
14069,20160518,18480,198.207.145.137,2620:b2::6666:b3ff:feb0:e220,system-v3,v4-v6-works
14083,20160518,199659,185.8.92.22,2a02:d540::b908:5c16,system-v3,v4-v6-works
14107,20160518,20712,81.187.44.115,2001:8b0:1155:591b:6666:b3ff:feb0:e158,system-v3,v4-v6-works
14140,20160518,62240,185.42.221.9,2a04:92c1:1:3::10,system-v3,v4-v6-works
14154,20160518,29518,83.219.200.10,2a00:1598:a:8:6666:b3ff:feb0:cda0,system-v3,v4-v6-works
14213,20160518,39326,192.67.4.151,2a01:348:339:0:6666:b3ff:feb0:f3b2,system-v3,v4-v6-works
14295,20160518,16117,213.141.76.246,2001:b48:10:ffff:6666:b3ff:feb0:e122,system-v3,v4-v6-works
14343,20160518,25074,95.174.81.190,2a04:2f80:0:101::100,system-v3,v4-v6-works
14394,20160518,34224,212.73.140.150,2a00:1728:ff:284:6666:b3ff:feb0:e1d6,system-v3,v4-v6-works
14437,20160518,60708,91.228.39.14,2a01:7640:400:0:6666:b3ff:feb0:e1b8,system-v3,v4-v6-works
14445,20160518,21282,80.241.3.3,2a01:7640:0:2:6666:b3ff:feb0:f1ce,system-v3,v4-v6-works
14607,20160518,199291,185.20.33.2,2a00:4ae0:4000::a:11a5,system-v3,v4-v6-works
14614,20160518,680,195.37.120.23,2a02:c6a0:3090:b078:6666:b3ff:feb0:f14a,system-v3,v4-v6-works
14645,20160518,199291,185.20.34.2,2a00:4ae0:6000:0:6666:b3ff:feb0:e1c4,system-v3,v4-v6-works
14720,20160518,6360,128.171.6.63,2607:f278:4101:11:6666:b3ff:feb0:f2b6,system-v3,v4-v6-works
14779,20160518,19171,98.143.95.38,2607:4100:0:201::2,system-v3,v4-v6-works
14797,20160518,58587,103.7.251.180,2403:9300:0:20:6666:b3ff:feb0:f07a,system-v3,v4-v6-works
14876,20160518,31242,85.14.94.210,2a00:13a0:3000:100::f02,system-v3,v4-v6-works
14942,20160518,62874,167.160.40.90,2602:ffd9:211:2::2,system-v3,v4-v6-works
15033,20160518,202194,185.50.188.249,2a04:c000:ed51:886:249::1,system-v3,v4-v6-works
15054,20160518,760,,,system-v3,v4-v6-works
15139,20160518,62078,185.117.12.238,2a06:8280:0:3::2,system-v3,v4-v6-works
15271,20160518,3597,168.96.7.64,2001:1318:400:0:6666:b3ff:feb0:d110,system-v3,v4-v6-works
15377,20160518,9051,194.126.25.50,2a00:1590:7::1,system-v3,v4-v6-works
15414,20160518,20932,217.169.138.51,2001:41e0:1001:2:6666:b3ff:fec5:3b6,system-v3,v4-v6-works
15483,20160518,26610,200.1.19.126,2800:270:c::126,system-v3,v4-v6-works
15535,20160518,6736,194.225.152.68,2001:14e8:0:405:6666:b3ff:fed1:2d5c,system-v3,v4-v6-works
15573,20160518,13237,217.71.103.98,2001:7f0:2:fe:3333:1:3237:2,system-v3,v4-v6-works
15687,20160518,198362,91.234.48.117,2a00:5540:5014:0:6666:b3ff:feb0:b77c,system-v3,v4-v6-works
15725,20160518,786,131.231.128.89,2001:630:301:4621:6666:b3ff:feb0:d11e,system-v3,v4-v6-works
15733,20160518,6866,,,system-v3,v4-v6-works
15770,20160518,42459,,,system-v3,v4-v6-works
15772,20160518,47215,93.190.64.48,2a00:12c0:1:64::5dbe:4030,system-v3,v4-v6-works
15961,20160518,15088,74.115.182.59,2620:0:2e50:a4:6666:b3ff:feb0:b778,system-v3,v4-v6-works
16108,20160518,3292,195.84.96.243,2001:6f0:3404:1000:6666:b3ff:fed1:2ec0,system-v3,v4-v6-works
16210,20160518,5421,62.44.125.36,2001:67c:20d1:1125:6666:b3ff:fec5:b36,system-v3,v4-v6-works
16212,20160518,31287,195.85.215.199,2a01:9e40::199,system-v3,v4-v6-works
16233,20160518,3265,80.127.100.88,2001:984:e05b:80:6666:b3ff:fec5:dee,system-v3,v4-v6-works
16320,20160518,57118,91.199.218.60,2001:67c:2d70:203::60,system-v3,v4-v6-works
16530,20160518,12586,5.83.128.190,2a00:cdc0:0:3:6666:b3ff:fed1:2d4e,system-v3,v4-v6-works
16663,20160518,2852,193.84.209.14,2001:718:2201:209::14,system-v3,v4-v6-works
16665,20160518,60316,,,system-v3,v4-v6-works
16692,20160518,56523,91.224.224.49,2a04:7840:3:29:6666:b3ff:fed1:3306,system-v3,v4-v6-works
16701,20160518,8251,81.201.48.111,2a01:490:a:0:6666:b3ff:fed1:2ad2,system-v3,v4-v6-works
16721,20160518,2716,200.132.0.178,2804::cafe:6666:b3ff:fed1:275a,system-v3,v4-v6-works
16732,20160518,2852,195.113.222.82,2001:718:1007:fffd:6666:b3ff:fed1:1646,system-v3,v4-v6-works
16831,20160518,44439,91.231.184.53,2a05:2cc0:0:3:6666:b3ff:fec5:127e,system-v3,v4-v6-works
16853,20160518,2607,158.193.139.199,2001:4118:300:122:6666:b3ff:fec5:e14,system-v3,v4-v6-works
16979,20160518,61956,,,system-v3,v4-v6-works
17003,20160518,7575,202.6.112.75,2001:388:7000:4000:6666:b3ff:fec4:fec8,system-v3,v4-v6-works
17050,20160518,15598,80.190.172.81,2a01:138:a00f:201::7,system-v3,v4-v6-works
17260,20160518,29550,92.48.64.66,2a02:af8:feed:face::a,system-v3,v4-v6-works
17270,20160518,197451,147.229.3.34,2001:67c:1220:e000:6666:b3ff:fed1:2ef8,system-v3,v4-v6-works
17271,20160518,25106,185.20.113.94,2a02:bf0:1:11:6666:b3ff:fec5:bfa,system-v3,v4-v6-works
17361,20160518,13287,213.162.201.10,2a02:23a0:1111:7:6666:b3ff:fec5:182,system-v3,v4-v6-works
17419,20160518,6908,217.10.140.138,2a02:298:4a::8:a,system-v3,v4-v6-works
17423,20160518,7922,69.138.171.9,2601:151:c304:3229:6666:b3ff:fec5:5d8,system-v3,v4-v6-works
17442,20160518,6908,217.10.140.62,2a02:298:4a::4:a,system-v3,v4-v6-works
17494,20160518,13037,82.69.179.109,2a02:8010:b007:200:6666:b3ff:feb0:d02a,system-v3,v4-v6-works
17495,20160518,48200,194.62.23.6,2a01:b1c0::6666:b3ff:fec4:feba,system-v3,v4-v6-works
17516,20160518,6908,217.10.140.90,2a02:298:4a::7:a,system-v3,v4-v6-works
17540,20160518,20880,62.117.0.72,2a02:2450:d90f:5:6666:b3ff:fed1:2f5c,system-v3,v4-v6-works
17546,20160518,24877,217.147.32.13,2a01:7c80:8000:400::13,system-v3,v4-v6-works
17554,20160518,5408,195.130.120.39,2001:648:2e01:e:6666:b3ff:fed1:1612,system-v3,v4-v6-works
17563,20160518,62212,185.43.216.206,2a04:9700:1:c::2,system-v3,v4-v6-works
17579,20160518,20880,62.117.0.71,2a02:2450:d90f:5:6666:b3ff:fed1:26a0,system-v3,v4-v6-works
17608,20160518,786,131.231.128.190,2001:630:301:4621:6666:b3ff:fed1:34fe,system-v3,v4-v6-works
17616,20160518,1103,192.87.38.68,2001:610:148:f00d:6666:b3ff:fed1:2e3a,system-v3,v4-v6-works
17620,20160518,8111,198.166.7.10,2001:410:a005:10:6666:b3ff:fed1:2fee,system-v3,v4-v6-works
17643,20160518,224,129.241.209.153,2001:700:300:1430:6666:b3ff:fed1:2e28,system-v3,v4-v6-works
17666,20160518,3216,77.41.147.162,2a00:1248:5003:1::13,system-v3,v4-v6-works
17670,20160518,8359,212.188.12.234,2a02:28:4:10:6666:b3ff:fed1:329e,system-v3,v4-v6-works
17681,20160518,43097,,,system-v3,v4-v6-works
17713,20160518,6908,78.41.154.22,2a01:450:2::53:a,system-v3,v4-v6-works
17716,20160518,8402,195.14.61.134,2a00:18c0:1:16:6666:b3ff:fed9:b0be,system-v3,v4-v6-works
17736,20160518,6908,217.10.140.66,2a02:298:4a::5:a,system-v3,v4-v6-works
17833,20160518,11051,66.180.193.221,2607:f820:42:1:6666:b3ff:fec5:6b0,system-v3,v4-v6-works
17856,20160518,378,132.66.33.12,2001:bf8:200:2:6666:b3ff:fec4:fea4,system-v3,v4-v6-works
17858,20160518,24961,146.0.41.42,2001:4ba0:dead:b008:6666:b3ff:fec5:111e,system-v3,v4-v6-works
17879,20160518,378,128.139.197.79,2001:bf8:900:1:12fe:edff:fec3:1e7a,system-v3,v4-v6-works
17931,20160518,35592,87.236.193.251,2a01:5f0:c001:112:3::1,system-v3,v4-v6-works
18015,20160518,1653,130.243.6.46,2001:6b0:23:60:c24a:ff:fe09:53a4,system-v3,v4-v6-works
18046,20160518,16086,87.100.197.155,2001:14ba:8000:200:c24a:ff:fecc:9d50,system-v3,v4-v6-works
18047,20160518,201822,185.62.160.30,2a03:521:1:202::30,system-v3,v4-v6-works
18095,20160518,239,128.100.103.20,2606:fa00:400:4002:ea94:f6ff:fe48:8b52,system-v3,v4-v6-works
18109,20160518,34245,85.91.1.174,2a01:148:1:205:ea94:f6ff:fe48:7bba,system-v3,v4-v6-works
18118,20160518,42910,77.92.155.14,2a02:26b0:8000:c::2,system-v3,v4-v6-works
18135,20160518,327817,154.73.216.250,2c0f:f798::a,system-v3,v4-v6-works
18152,20160518,3661,,,system-v3,v4-v6-works
18159,20160518,200770,185.96.213.59,2a06:200:0:16:ea94:f6ff:fe48:6436,system-v3,v4-v6-works
18160,20160518,39875,80.247.17.154,2a02:308:0:1::22,system-v3,v4-v6-works
18166,20160518,23855,203.30.39.120,2001:df0:21a:0:ea94:f6ff:fe48:6d28,system-v3,v4-v6-works
18169,20160518,37520,146.231.130.254,2001:4200:1010:1082:c24a:ff:fecc:75c2,system-v3,v4-v6-works
18189,20160518,4796,167.205.1.230,2403:8000:1:551:c24a:ff:fecc:9c7c,system-v3,v4-v6-works
18192,20160518,4616,,,system-v3,v4-v6-works
18279,20160518,25255,178.115.135.253,2a02:2860:3:1::a,system-v3,v4-v6-works
18287,20160518,12775,212.113.202.60,2a01:5400:1:4::3,system-v3,v4-v6-works
18296,20160518,15716,95.128.34.12,2001:618:1:1030:c24a:ff:fecc:59f0,system-v3,v4-v6-works
18304,20160518,34549,80.77.16.76,2a01:360:1:18:c24a:ff:fecc:59ac,system-v3,v4-v6-works
18305,20160518,12605,86.56.128.226,2a00:cf8:100:2:c24a:ff:fecc:6d68,system-v3,v4-v6-works
18309,20160518,52063,46.254.184.106,2a00:9400:0:810::eeee,system-v3,v4-v6-works
18314,20160518,20712,90.155.35.115,2001:8b0:8dd:b9e8:ea94:f6ff:fe48:8cfc,system-v3,v4-v6-works
18317,20160518,20917,,,system-v3,v4-v6-works
18319,20160518,21472,5.2.16.245,2a00:e740:1::beef:beef,system-v3,v4-v6-works
18320,20160518,28847,81.94.75.205,2001:1630:200:1:ea94:f6ff:fe48:570a,system-v3,v4-v6-works
18334,20160518,19192,190.169.253.249,2800:a010:500:2:ea94:f6ff:fe48:5c82,system-v3,v4-v6-works
18365,20160518,197731,31.3.104.210,2a03:7900:1:1:c24a:ff:fecc:6a78,system-v3,v4-v6-works
18378,20160518,51754,46.18.128.168,2a01:4580:0:1::128,system-v3,v4-v6-works
18398,20160518,12635,178.165.135.253,2001:4b68:3:1::a,system-v3,v4-v6-works
18567,20160518,12993,89.111.41.70,2a00:17c0:dc02:2::deac,system-v3,v4-v6-works
18569,20160518,8365,82.195.72.3,2001:41b8:200:0:ea94:f6ff:feba:c340,system-v3,v4-v6-works
18585,20160518,40490,185.62.165.20,2a01:8840:f:100:ea94:f6ff:feba:d8be,system-v3,v4-v6-works
18623,20160518,201787,,,system-v3,v4-v6-works
18643,20160518,38229,192.248.24.126,2401:dd00:20:0:ea94:f6ff:feba:d1d0,system-v3,v4-v6-works
18648,20160518,38229,192.248.66.93,2401:dd00:69:0:c24a:ff:feff:f6e4,system-v3,v4-v6-works
18675,20160518,33824,,,system-v3,v4-v6-works
18719,20160518,38229,192.248.14.59,2401:dd00:10:14::1,system-v3,v4-v6-works
18720,20160518,61349,185.29.203.58,2a04:4341:1:2:c24a:ff:fe09:5532,system-v3,v4-v6-works
18727,20160518,38229,192.248.56.16,2401:dd00:58:0:c24a:ff:fe09:42dc,system-v3,v4-v6-works
18735,20160518,786,195.194.104.248,2001:630:22:1004:c24a:ff:fe09:49f4,system-v3,v4-v6-works
18755,20160518,51806,46.19.24.1,2a02:28c0:0:ebe1::1,system-v3,v4-v6-works
18766,20160518,25248,85.207.144.12,2a02:a40:300::12,system-v3,v4-v6-works
18775,20160518,766,163.117.140.252,2001:720:410:1020:c24a:ff:fecc:9b14,system-v3,v4-v6-works
18790,20160518,38229,192.248.73.7,2401:dd00:80:0:ea94:f6ff:fe48:5c2c,system-v3,v4-v6-works
18846,20160518,31257,,,system-v3,v4-v6-works
18856,20160518,43451,193.93.72.31,2a03:a200:ffff:0:ea94:f6ff:fe48:4fba,system-v3,v4-v6-works
18945,20160518,2107,141.255.254.207,2001:1470:8000:566:c24a:ff:fecc:99ec,system-v3,v4-v6-works
18975,20160518,43384,193.186.15.17,2001:67c:1324:101::17,system-v3,v4-v6-works
19079,20160518,31692,178.161.179.146,2a00:5cc0:a:7:c24a:ff:fecc:9eac,system-v3,v4-v6-works
19093,20160518,31370,89.249.248.155,2a01:94c0:0:100:c24a:ff:fecc:6856,system-v3,v4-v6-works
19096,20160518,8100,96.44.129.5,2607:fcd0:def:aced:c24a:ff:fecc:8ab6,system-v3,v4-v6-works
19101,20160518,61102,,,system-v3,v4-v6-works
19202,20160518,62353,185.22.15.234,2a00:5d60:0:2::2,system-v3,v4-v6-works
19210,20160518,9153,82.136.38.181,2001:4088:23c1:10:c24a:ff:fecc:71f6,system-v3,v4-v6-works
19213,20160518,25151,109.235.73.205,2a01:518:ffff:4020::205,system-v3,v4-v6-works
19233,20160518,196697,109.233.24.236,2a04:81a0:1000:10a:c24a:ff:feff:fc76,system-v3,v4-v6-works
19287,20160518,33837,88.80.0.100,2a00:16b0:1:2:c24a:ff:fe09:4fe6,system-v3,v4-v6-works
19303,20160518,9026,62.212.10.90,2a02:20:1f:0:c24a:ff:fe09:543a,system-v3,v4-v6-works
19329,20160518,24586,46.22.180.59,2001:4c10::2:59:0:59,system-v3,v4-v6-works
19336,20160518,3582,128.223.6.228,2001:468:d01:6:ea94:f6ff:feba:c372,system-v3,v4-v6-works
19351,20160518,198288,5.34.249.100,2a00:f8c0:8001:5:c24a:ff:fe09:4992,system-v3,v4-v6-works
19363,20160518,56641,91.226.74.58,2a00:9520::c24a:ff:fe09:529c,system-v3,v4-v6-works
19373,20160518,15894,,,system-v3,v4-v6-works
19374,20160518,24768,130.185.80.250,2a00:1650:1000:0:c24a:ff:feff:e2a6,system-v3,v4-v6-works
19378,20160518,60422,185.31.79.252,2a00:b920:3:1337::252,system-v3,v4-v6-works
19393,20160518,24889,80.254.71.126,2a02:200:720::126,system-v3,v4-v6-works
19438,20160518,45131,163.7.130.157,2404:138:130:0:c24a:ff:fe09:4d68,system-v3,v4-v6-works
19453,20160518,44946,93.94.131.38,2a02:158:2ff:f036::1:a,system-v3,v4-v6-works
19481,20160518,32748,208.100.10.146,2607:f128:40:401:c24a:ff:fecc:7158,system-v3,v4-v6-works
19517,20160518,61438,,,system-v3,v4-v6-works
19675,20160518,48284,94.125.79.197,2a02:778:216::3,system-v3,v4-v6-works
19682,20160518,33940,84.17.108.88,2a02:f200::ea94:f6ff:fe48:7d6e,system-v3,v4-v6-works
19701,20160518,8121,65.50.207.37,2001:1868:a000:1f:c24a:ff:fecc:6a68,system-v3,v4-v6-works
19710,20160518,45131,163.7.130.99,2404:138:130:0:c24a:ff:fecc:59c2,system-v3,v4-v6-works
19714,20160518,198089,185.46.31.110,2a01:8580:1000::102,system-v3,v4-v6-works
19727,20160518,47998,94.228.79.61,2a00:1068:ffff:402:ea94:f6ff:fe48:93f8,system-v3,v4-v6-works
19731,20160518,196965,109.231.191.153,2a02:70e0:0:4::b,system-v3,v4-v6-works
19733,20160518,25248,85.207.100.6,2a02:a40:0:8001::2,system-v3,v4-v6-works
19743,20160518,12687,212.111.203.186,2a01:5c40:0:4::2,system-v3,v4-v6-works
19771,20160518,197019,46.28.107.5,2a02:2b88:2:2::2,system-v3,v4-v6-works
19773,20160518,39439,80.245.186.98,2a03:e800:0:6:ea94:f6ff:fe48:62ce,system-v3,v4-v6-works
19840,20160518,41828,185.53.12.16,2a02:840:1:700:c24a:ff:fecc:70e4,system-v3,v4-v6-works
19858,20160518,49037,95.174.96.56,2a00:8740::56,system-v3,v4-v6-works
19900,20160518,37996,122.202.69.164,2401:400:0:a::4,system-v3,v4-v6-works
19928,20160518,37576,41.79.184.252,2c0f:f428:5::10,system-v3,v4-v6-works
19938,20160518,6124,148.100.60.103,2620:91:0:2227:c24a:ff:fe09:42a0,system-v3,v4-v6-works
19968,20160518,56740,31.130.200.31,2001:67c:2268::31,system-v3,v4-v6-works
19971,20160518,9245,203.152.100.249,2405:8400:1:f100:c24a:ff:fe09:4366,system-v3,v4-v6-works
20003,20160518,2611,139.165.223.121,2001:6a8:2d80:2230:ea94:f6ff:fe48:48a4,system-v3,v4-v6-works
20004,20160518,20561,159.51.236.24,2a03:85c0:1:36::1:24,system-v3,v4-v6-works
20015,20160518,49808,109.68.104.41,2a03:c100:10:1:c24a:ff:fe09:51e0,system-v3,v4-v6-works
20052,20160518,16188,217.29.33.50,2a00:b580:8000:2:ea94:f6ff:feba:d70e,system-v3,v4-v6-works
20057,20160518,5786,136.145.231.9,2607:2000:100:116:c24a:ff:fe09:49a8,system-v3,v4-v6-works
20060,20160518,553,141.72.231.217,2001:7c0:710:33c5:c24a:ff:fe09:5588,system-v3,v4-v6-works
20071,20160518,59891,185.32.124.9,2a00:c1e0::c,system-v3,v4-v6-works
20089,20160518,3549,201.234.235.43,2803:3980::8,system-v3,v4-v6-works
20166,20160518,20312,150.187.91.2,2001:1338:101a:1000:ea94:f6ff:fe48:5970,system-v3,v4-v6-works
20186,20160518,5645,206.248.140.154,2607:f2c0:1:f:ea94:f6ff:fe48:91f2,system-v3,v4-v6-works
20218,20160518,60687,,,system-v3,v4-v6-works
20264,20160518,198290,193.169.159.134,2a01:7360::193:169:159:8134,system-v3,v4-v6-works
20277,20160518,57407,195.88.109.7,2001:67c:24f8:1000:ea94:f6ff:fe48:8de4,system-v3,v4-v6-works
20318,20160518,271,142.231.1.210,2607:f8f0:670:10:c24a:ff:fecc:6f54,system-v3,v4-v6-works
20361,20160518,43284,77.73.240.236,2a02:2108:0:12:77:73:240:236,system-v3,v4-v6-works
20384,20160518,15576,217.11.218.250,2a00:c38:2:26:ea94:f6ff:fe48:6ae0,system-v3,v4-v6-works
20409,20160518,24642,81.18.160.5,2001:1aa8:2:160::5,system-v3,v4-v6-works
20429,20160518,50702,79.99.164.208,2a01:648:0:3::208,system-v3,v4-v6-works
20442,20160518,29222,84.16.67.91,2001:1600:2:c:c24a:ff:fecc:6b14,system-v3,v4-v6-works
20443,20160518,199441,185.14.129.5,2a03:a240:1::5,system-v3,v4-v6-works
20464,20160518,60227,93.94.39.194,2a02:6a40:1:1:ea94:f6ff:fe48:94a6,system-v3,v4-v6-works
20468,20160518,39702,185.5.100.238,2a01:4d80:216:c2::1,system-v3,v4-v6-works
20474,20160518,59944,185.65.96.253,2a03:1ae0:0:270:185:65:96:253,system-v3,v4-v6-works
20479,20160518,786,193.62.143.119,2001:630:10:f00e:ea94:f6ff:fe48:94c2,system-v3,v4-v6-works
20506,20160518,12315,193.254.215.20,2a04:c580:7::10,system-v3,v4-v6-works
20561,20160518,47227,93.190.168.37,2a02:6d0:0:2:c24a:ff:fecc:749c,system-v3,v4-v6-works
20565,20160518,201522,185.71.172.30,2a05:33c0::1e,system-v3,v4-v6-works
20612,20160518,16218,217.113.43.165,2a02:ea0:300:220::1acd,system-v3,v4-v6-works
20644,20160518,48220,217.198.77.147,2a00:1de8:ffff:104:ea94:f6ff:feba:bee4,system-v3,v4-v6-works
20704,20160518,51349,195.43.86.118,2a00:c3a0:26:1:ea94:f6ff:feba:fbec,system-v3,v4-v6-works
20709,20160518,15544,213.140.128.225,2a02:2298:bb:c04e::fa00,system-v3,v4-v6-works
20710,20160518,73,128.208.4.14,2607:4000:200:13:ea94:f6ff:feba:fb36,system-v3,v4-v6-works
20716,20160518,15544,213.140.133.226,2a02:2298:4030:c04e::fa04,system-v3,v4-v6-works
20721,20160518,158,192.176.1.212,2001:1b70:a1:612::212,system-v3,v4-v6-works
20731,20160518,201155,185.84.6.196,2a05:a1c0:0:3:c24a:ff:fe09:3192,system-v3,v4-v6-works
20753,20160518,19653,64.136.224.8,2605:8200:10:0:c24a:ff:fe09:54b2,system-v3,v4-v6-works
20758,20160518,59,144.92.67.60,2607:f388:e:100:ea94:f6ff:feba:b77e,system-v3,v4-v6-works
20787,20160518,31736,83.222.128.135,2a02:3b0:2:3::6,system-v3,v4-v6-works
20796,20160518,46019,175.45.185.2,2001:df0:ba:185:ea94:f6ff:feba:e30a,system-v3,v4-v6-works
20874,20160518,31337,193.178.60.19,2001:67c:1898:fffe:eade:27ff:fe69:d976,system-v3,v4-v6-works
20978,20160518,12905,62.176.161.210,2a06:6bc0:0:2:ea94:f6ff:fee3:6d5a,system-v3,v4-v6-works
21112,20160518,11170,208.79.242.59,2607:fe70:0:beef:eade:27ff:fe69:c3fc,system-v3,v4-v6-works
21126,20160518,40191,74.123.92.6,2607:5e00:0:26::6,system-v3,v4-v6-works
21207,20160518,198296,195.248.74.162,2a01:6b20:7f:0:eade:27ff:fe69:ce84,system-v3,v4-v6-works
21239,20160518,42673,91.246.68.54,2a05:7101:1342:ffff:ea94:f6ff:fee3:6e3c,system-v3,v4-v6-works
21246,20160518,199547,212.84.34.30,2a02:44c0:ff00:10:ea94:f6ff:fee3:73a2,system-v3,v4-v6-works
21272,20160518,49640,188.64.120.31,2a00:19a8::c24a:ff:fe9f:fee6,system-v3,v4-v6-works
21282,20160518,59970,185.61.86.29,2a02:78a0:100:207::254,system-v3,v4-v6-works
21283,20160518,61211,185.15.30.158,2a03:bb40:1::b,system-v3,v4-v6-works
21295,20160518,59752,164.177.168.243,2a03:2500:1:1:ea94:f6ff:fe48:ccb6,system-v3,v4-v6-works
21296,20160518,57154,31.47.81.187,2a03:80:200:0:ea94:f6ff:fe48:be26,system-v3,v4-v6-works
21299,20160518,197540,,,system-v3,v4-v6-works
21303,20160518,3303,164.128.251.162,2001:918:0:1:ea94:f6ff:fefc:d6de,system-v3,v4-v6-works
21306,20160518,29484,134.147.10.42,2a05:3e00:c:8:ea94:f6ff:fe48:beb4,system-v3,v4-v6-works
21333,20160518,15415,212.102.234.30,2a00:aa40:0:234::30,system-v3,v4-v6-works
21344,20160518,200925,185.62.171.42,2a02:7e60::25,system-v3,v4-v6-works
21346,20160518,35684,195.137.191.75,2001:67c:18b0:13:c24a:ff:fe9f:ec9a,system-v3,v4-v6-works
21374,20160518,34245,85.91.7.201,2a01:148:1:300:ea94:f6ff:fe48:c49c,system-v3,v4-v6-works
21391,20160518,62416,185.32.189.13,2a00:c560::13,system-v3,v4-v6-works
21408,20160518,25255,77.119.135.253,2a02:2860:1:1::a,system-v3,v4-v6-works
21411,20160518,34878,141.3.208.6,2a00:1398:9:fb00:c24a:ff:fecc:a07a,system-v3,v4-v6-works
21416,20160518,34372,80.70.179.183,2a02:450:0:102:ea94:f6ff:fe48:69f4,system-v3,v4-v6-works
21432,20160518,57118,185.95.218.8,2001:67c:2c28:1000::202,system-v3,v4-v6-works
21434,20160518,12635,91.141.7.253,2001:4b68:1:1::a,system-v3,v4-v6-works
21446,20160518,34878,141.52.192.5,2a00:1398:9:fb01:c24a:ff:fe9f:f52a,system-v3,v4-v6-works
21488,20160518,224,128.39.73.195,2001:700:4400:10:ea94:f6ff:fe48:c288,system-v3,v4-v6-works
21524,20160518,44684,93.93.131.197,2a00:1098:0:86:1000:1a:0:30,system-v3,v4-v6-works
21552,20160518,224,158.36.173.247,2001:700:1500:d030:eade:27ff:fe69:cdbc,system-v3,v4-v6-works
21577,20160518,224,158.38.140.179,2001:700:1200:5104:eade:27ff:fe69:da38,system-v3,v4-v6-works
21581,20160518,48155,91.210.88.78,2001:67c:220c:face:ea94:f6ff:fee3:711c,system-v3,v4-v6-works
21582,20160518,224,128.39.134.112,2001:700:4402:10:ea94:f6ff:fee3:6f68,system-v3,v4-v6-works
21676,20160518,4528,147.8.108.80,2001:ce0:2201:802:ea94:f6ff:fee3:6b62,system-v3,v4-v6-works
21733,20160518,44746,91.202.156.69,2a05:b880:0:3:eade:27ff:fe69:c74a,system-v3,v4-v6-works
21956,20160518,15725,217.17.192.13,2001:4bd8:0:900:ea94:f6ff:fe48:c6e4,system-v3,v4-v6-works
21959,20160518,42442,130.0.72.201,2a03:9480:1:2ff::2,system-v3,v4-v6-works
21962,20160518,34373,,,system-v3,v4-v6-works
21994,20160518,42442,130.0.72.206,2a03:9480:1:1ff::2,system-v3,v4-v6-works
21995,20160518,5409,212.126.220.14,2001:4180:0:100::a,system-v3,v4-v6-works
21998,20160518,42557,,,system-v3,v4-v6-works
22018,20160518,59758,185.72.20.109,2a05:3780:8000:308::109,system-v3,v4-v6-works
22047,20160518,1133,130.89.51.1,2001:67c:2564:517:c24a:ff:fea0:10aa,system-v3,v4-v6-works
22091,20160518,31477,89.188.8.91,2a01:1b0:4000:1386:ea94:f6ff:fe48:c936,system-v3,v4-v6-works
22096,20160518,2200,195.220.223.30,2001:660:6503:0:ea94:f6ff:fe48:620c,system-v3,v4-v6-works
22100,20160518,553,134.60.55.204,2001:7c0:900:37:ea94:f6ff:fe48:611c,system-v3,v4-v6-works
22132,20160518,59761,185.72.236.109,2a05:3d80:8000:208::109,system-v3,v4-v6-works
22207,20160518,49605,,,system-v3,v4-v6-works
22260,20160518,25106,134.17.79.18,2a02:bf0:25:1::2,system-v3,v4-v6-works
22316,20160518,15368,213.183.195.82,2a00:4e00:2000:155:eade:27ff:fe69:d54e,system-v3,v4-v6-works
22319,20160518,13092,147.91.172.230,2001:4170:2000:2:eade:27ff:fe69:add6,system-v3,v4-v6-works
22335,20160518,51728,,,system-v3,v4-v6-works
22341,20160518,199813,132.227.120.130,2a03:9180:2:128::84e3:7882,system-v3,v4-v6-works
22407,20160518,1103,,,system-v3,v4-v6-works
22412,20160518,2847,,,system-v3,v4-v6-works
22436,20160518,40076,199.115.121.251,2607:fed0:fe01:0:eade:27ff:fe69:c7ea,system-v3,v4-v6-works
22452,20160518,13901,199.19.52.231,2001:500:a:500:ea94:f6ff:fee3:70d4,system-v3,v4-v6-works
22542,20160518,28859,212.94.34.41,2a02:368:0:111::200,system-v3,v4-v6-works
22550,20160518,51401,83.137.32.53,2a01:be80:210:0:eade:27ff:fe69:b080,system-v3,v4-v6-works
22611,20160518,11131,130.85.61.5,2620:0:5301:2000:ea94:f6ff:fe48:ccc0,system-v3,v4-v6-works
22638,20160518,18200,114.69.197.5,2404:2200:ff00:0:ea94:f6ff:fe48:c712,system-v3,v4-v6-works
22644,20160518,23674,58.65.173.134,2407:d000:0:2b3:ea94:f6ff:fe48:c336,system-v3,v4-v6-works
22735,20160518,3277,195.208.113.50,2001:b08:2:100::50,system-v3,v4-v6-works
22858,20160518,18451,208.81.7.61,2605:e200:2:4:eade:27ff:fe69:ddec,system-v3,v4-v6-works
22893,20160518,21476,80.254.128.120,2a00:cba0:acbb:1:eade:27ff:fe69:d998,system-v3,v4-v6-works
22906,20160518,34081,,,system-v3,v4-v6-works
22910,20160518,15623,62.12.171.171,2001:8a8:ae00:2:eade:27ff:fe69:cdb8,system-v3,v4-v6-works
22916,20160518,49420,91.212.242.242,2001:67c:24c::1,system-v3,v4-v6-works
22962,20160518,50673,93.158.217.226,2a00:1ca8:1::31,system-v3,v4-v6-works
22984,20160518,199218,79.143.136.148,2a00:dd40:0:3:eade:27ff:fe69:bd0c,system-v3,v4-v6-works
23188,20160518,3212,213.161.11.66,2001:1688:cc:abcd:eade:27ff:fe69:a7f2,system-v3,v4-v6-works
23191,20160518,34568,84.246.122.38,2a01:1f8:1337:3:eade:27ff:fe69:b574,system-v3,v4-v6-works
23193,20160518,20783,212.79.9.202,2001:1b30:0:e:eade:27ff:fe69:bc88,system-v3,v4-v6-works
23212,20160518,49420,91.212.242.241,2001:67c:24c::3,system-v3,v4-v6-works
23232,20160518,197451,147.229.148.189,2001:67c:1220:9894:ea94:f6ff:fe48:c3e2,system-v3,v4-v6-works
23303,20160518,49605,31.13.143.238,2a02:e50:0:101::2,system-v3,v4-v6-works
23375,20160518,200770,185.96.213.41,2a06:200:0:16:ea94:f6ff:fe48:c01c,system-v3,v4-v6-works
23408,20160518,63318,66.85.252.6,2606:3780:63:318:ea94:f6ff:fe48:5c58,system-v3,v4-v6-works
23428,20160518,15533,212.84.40.101,2001:1bd8:0:ffff::1000,system-v3,v4-v6-works
23573,20160518,61468,201.159.220.131,2800:68:10:caca:16cc:20ff:fef8:b21e,system-v3,v4-v6-works
23704,20160518,7922,50.246.66.187,2601:14d:8501:1200:eade:27ff:fec9:69cc,system-v3,v4-v6-works
23755,20160518,50195,164.8.3.174,2a00:1600:2c::5:174,system-v3,v4-v6-works
23762,20160518,35382,83.143.216.98,2a00:14c0:10:25:c66e:1fff:fe5b:eb0c,system-v3,v4-v6-works
23812,20160518,25409,81.180.99.53,2a00:ff0::99:53,system-v3,v4-v6-works
23834,20160518,201026,,,system-v3,v4-v6-works
23836,20160518,51862,185.48.116.8,2a02:247a::8,system-v3,v4-v6-works
23853,20160518,199554,5.57.200.4,2a01:4540:0:1:16cc:20ff:fe48:b5e2,system-v3,v4-v6-works
23875,20160518,25054,81.90.192.22,2a02:1318::eade:27ff:fec9:6f02,system-v3,v4-v6-works
23914,20160518,31658,78.156.162.142,2a03:f980:a:f01:c66e:1fff:fe3a:df00,system-v3,v4-v6-works
23952,20160518,33923,94.246.190.98,2a00:1a40:0:521:eade:27ff:fec9:9ec8,system-v3,v4-v6-works
24037,20160518,553,141.72.251.52,2001:7c0:710:d10:c66e:1fff:fe3a:e050,system-v3,v4-v6-works
24054,20160518,20312,150.188.143.73,2001:1338:0:9:eade:27ff:fec9:69c6,system-v3,v4-v6-works
24084,20160518,29066,146.0.227.126,2a01:7a0:2:100e::2,system-v3,v4-v6-works
24114,20160518,33984,78.111.72.106,2a02:f98:0:d:c66e:1fff:fe5b:b25a,system-v3,v4-v6-works
24120,20160518,198161,,,system-v3,v4-v6-works
24221,20160518,28768,81.200.42.2,2a00:1bb0:0:420:c66e:1fff:fe3a:e082,system-v3,v4-v6-works
24394,20160518,48218,77.72.182.218,2a00:d08:1:b:c66e:1fff:fe5b:d068,system-v3,v4-v6-works
24414,20160518,200846,185.87.176.39,2a03:7ae0::185:87:176:39,system-v3,v4-v6-works
24415,20160518,21235,193.108.193.250,2a03:16e0:1001:ff::24:415,system-v3,v4-v6-works
24483,20160518,201330,185.78.96.13,2a03:58a0::13,system-v3,v4-v6-works
24501,20160518,60447,185.97.73.13,2a06:4c0:0:773:eade:27ff:fec9:694e,system-v3,v4-v6-works
24532,20160518,34971,,,system-v3,v4-v6-works
24542,20160518,559,192.33.93.149,2001:67c:10ec:3548:8000::1337,system-v3,v4-v6-works
24744,20160518,812,192.75.88.129,2001:1b70:8600:ff00::99,system-v3,v4-v6-works
24828,20160518,12935,213.179.9.20,2a02:6980::16cc:20ff:fe48:c732,system-v3,v4-v6-works
24838,20160518,12824,,,system-v3,v4-v6-works
24854,20160518,62094,185.48.80.10,2a01:9560:1001:1001::101:ca75,system-v3,v4-v6-works
24859,20160518,9119,212.103.129.114,2a02:800:e:2001:eade:27ff:fec9:596c,system-v3,v4-v6-works
24888,20160518,59771,185.72.196.115,2a05:3cc0:0:1001:16cc:20ff:fef8:931e,system-v3,v4-v6-works
24891,20160518,20625,62.108.192.118,2a02:ae8:102:133::2,system-v3,v4-v6-works
24893,20160518,1653,130.237.95.229,2001:6b0:5:1095:c66e:1fff:fe3a:da74,system-v3,v4-v6-works
24901,20160518,198345,91.233.176.101,2001:678:fc:0:c66e:1fff:fe3a:e650,system-v3,v4-v6-works
24915,20160518,8823,212.63.90.22,2001:ad8:1000:8823:c66e:1fff:fe3a:e65a,system-v3,v4-v6-works
24931,20160518,62214,185.43.204.59,2a01:6ee0::59,system-v3,v4-v6-works
24953,20160518,786,129.215.42.42,2001:630:3c1:42:c66e:1fff:fe5b:e1f2,system-v3,v4-v6-works
24988,20160518,41653,95.128.40.246,2a02:ec0:208:2:c66e:1fff:fe5b:e4a6,system-v3,v4-v6-works
24989,20160518,2500,203.178.135.87,2001:200:0:1cd1:c66e:1fff:fe3a:d0c8,system-v3,v4-v6-works
24997,20160518,200738,185.97.171.254,2a06:6c0:0:fffe:eade:27ff:fec9:648e,system-v3,v4-v6-works
25020,20160518,57771,37.77.56.112,2a00:8640:1:0:c66e:1fff:fe3a:d78e,system-v3,v4-v6-works
25041,20160518,11260,24.222.224.138,2610:170:ffff:f3:eade:27ff:fec9:637a,system-v3,v4-v6-works
25067,20160518,51561,46.102.192.158,2a00:b900:3:1::2,system-v3,v4-v6-works
25101,20160518,25369,217.146.80.116,2a00:1a30:200:7::116,system-v3,v4-v6-works
25133,20160518,47271,91.204.16.61,2a04:1ac0::2,system-v3,v4-v6-works
25203,20160518,31138,83.217.2.54,2a00:d8c0:0:f01:c66e:1fff:fe5b:e594,system-v3,v4-v6-works
25210,20160518,37100,105.16.120.2,2c0f:feb0:3:1::2,system-v3,v4-v6-works
25270,20160518,47447,212.83.45.80,2a00:f48:1007::7,system-v3,v4-v6-works
25303,20160518,198024,31.172.156.142,2a03:7b80:0:10e:ffff:ffff:ffff:fffe,system-v3,v4-v6-works
25329,20160518,21161,178.249.80.3,2a02:2198:0:906:c66e:1fff:fe5b:ef38,system-v3,v4-v6-works
25355,20160518,37100,105.16.160.8,2c0f:feb0:b:1::8,system-v3,v4-v6-works
25386,20160518,23184,216.104.104.154,2607:fbd8:ffff:fa:eade:27ff:fec9:6b8e,system-v3,v4-v6-works
25402,20160518,51090,185.77.195.66,2a03:5620:12:cc01::2,system-v3,v4-v6-works
25598,20160518,1930,,,system-v3,v4-v6-works
